{
    "foreground_intensity_properties_per_channel": {
        "0": {
            "max": 548.3839111328125,
            "mean": 27.479061126708984,
            "median": 36.2231559753418,
            "min": -1001.4840087890625,
            "percentile_00_5": -166.17726135253906,
            "percentile_99_5": 179.59686279296875,
            "std": 70.73223114013672
        }
    },
    "median_relative_size_after_cropping": 1.0,
    "shapes_after_crop": [
        [
            100,
            100,
            175
        ],
        [
            100,
            100,
            175
        ],
        [
            100,
            100,
            175
        ],
        [
            100,
            100,
            175
        ],
        [
            100,
            100,
            203
        ]
    ],
    "spacings": [
        [
            1.0,
            1.0,
            1.0
        ],
        [
            1.0,
            1.0,
            1.0
        ],
        [
            1.0,
            1.0,
            1.0
        ],
        [
            1.0,
            1.0,
            1.0
        ],
        [
            1.0,
            1.0,
            1.0
        ]
    ]
}